,no_of_cylinders
0,8
1,6
2,6
3,6
4,8
5,8
6,6
7,4
8,4
9,6
10,6
11,8
12,6
13,6
14,8
15,8
16,4
17,6
18,6
19,8
20,8
21,8
22,8
23,4
24,6
25,6
26,6
27,6
28,8
29,4
30,4
31,6
32,6
33,8
34,4
35,4
36,8
37,8
38,8
39,6
40,6
41,6
42,8
43,6
44,8
45,8
46,4
47,8
48,8
49,4
50,6
51,8
52,4
53,4
54,4
55,6
56,8
57,4
58,6
59,6
60,6
61,6
62,8
63,6
64,6
65,8
66,6
67,6
68,6
69,6
70,8
71,4
72,6
73,8
74,6
75,6
76,6
77,4
78,4
79,4
80,8
81,8
82,8
83,8
84,4
85,6
86,6
87,6
88,4
89,8
90,4
91,4
92,6
93,8
94,6
95,8
96,4
97,8
98,6
99,8
100,8
101,6
102,8
103,6
104,4
105,6
106,6
107,6
108,6
109,4
110,4
111,8
112,6
113,6
114,8
115,6
116,6
117,6
118,6
119,4
120,4
121,8
122,4
123,6
124,6
125,8
126,4
127,8
128,6
129,6
130,4
131,4
132,4
133,8
134,6
135,8
136,3
137,8
138,6
139,6
140,8
141,6
142,8
143,6
144,4
145,8
146,4
147,8
148,6
149,8
150,6
151,6
152,4
153,6
154,4
155,8
156,4
157,8
158,6
159,4
160,4
161,4
162,4
163,8
164,4
165,6
166,4
167,6
168,6
169,8
170,8
171,4
172,8
173,6
174,6
175,8
176,8
177,6
178,8
179,8
180,6
181,6
182,6
183,4
184,8
185,6
186,6
187,10
188,4
189,8
190,4
191,8
192,6
193,6
194,4
195,8
196,6
197,4
198,4
199,8
200,6
201,6
202,4
203,8
204,8
205,6
206,4
207,8
208,6
209,8
210,4
211,6
212,8
213,6
214,6
215,8
216,6
217,4
218,6
219,6
220,6
221,6
222,4
223,6
224,6
225,8
226,6
227,4
228,8
229,4
230,6
231,8
232,6
233,4
234,4
235,8
236,8
237,4
238,6
239,6
240,4
241,8
242,8
243,6
244,8
245,6
246,6
247,6
248,6
249,8
250,6
251,6
252,6
253,6
254,8
255,8
256,6
257,4
258,6
259,6
260,6
261,6
262,6
263,3
264,8
265,4
266,8
267,4
268,8
269,4
270,6
271,4
272,6
273,6
274,8
275,8
276,4
277,8
278,6
279,6
280,8
281,4
282,4
283,4
284,6
285,8
286,8
287,4
288,4
289,6
290,6
291,4
292,6
293,6
294,8
295,8
296,4
297,4
298,6
299,8
300,6
301,4
302,4
303,6
304,4
305,8
306,6
307,8
308,8
309,8
310,8
311,8
312,8
313,6
314,4
315,8
316,6
317,6
318,8
319,4
320,8
321,4
322,4
323,8
324,4
325,4
326,8
327,6
328,6
329,4
330,8
331,8
332,8
333,6
334,6
335,8
336,6
337,8
338,4
339,6
340,4
341,4
342,6
343,6
344,6
345,6
346,8
347,6
348,6
349,4
350,6
351,8
352,6
353,8
354,8
355,6
356,4
357,4
358,4
359,4
360,6
361,4
362,4
363,4
364,4
365,6
366,4
367,6
368,4
369,4
370,6
371,4
372,6
373,6
374,8
375,8
376,8
377,8
378,6
379,8
380,4
381,4
382,4
383,6
384,6
385,6
386,4
387,8
388,6
389,8
390,8
391,3
392,6
393,4
394,4
395,4
396,4
397,4
398,6
399,8
400,6
401,4
402,8
403,6
404,4
405,8
406,4
407,4
408,6
409,6
410,6
411,4
412,6
413,6
414,6
415,6
416,8
417,6
418,6
419,6
420,4
421,8
422,4
423,8
424,6
425,6
426,6
427,6
428,8
429,4
430,6
431,4
432,6
433,6
434,8
435,8
436,4
437,6
438,6
439,8
440,6
441,4
442,8
443,4
444,4
445,6
446,4
447,4
448,4
449,6
450,8
451,8
452,8
453,4
454,6
455,8
456,8
457,4
458,6
459,4
460,6
461,6
462,4
463,4
464,4
465,8
466,6
467,6
468,6
469,4
470,8
471,6
472,6
473,8
474,6
475,8
476,8
477,6
478,5
479,6
480,8
481,4
482,4
483,8
484,6
485,4
486,6
487,8
488,6
489,6
490,4
491,4
492,4
493,8
494,4
495,6
496,6
497,8
498,6
499,6
500,6
501,6
502,6
503,6
504,8
505,8
506,6
507,5
508,4
509,8
510,6
511,8
512,6
513,4
514,6
515,4
516,8
517,4
518,6
519,6
520,6
521,6
522,4
523,4
524,4
525,8
526,8
527,6
528,4
529,4
530,6
531,4
532,6
533,6
534,4
535,6
536,8
537,4
538,6
539,4
540,8
541,6
542,8
543,6
544,8
545,4
546,4
547,4
548,4
549,8
550,6
551,6
552,8
553,8
554,6
555,4
556,6
557,6
558,6
559,6
560,6
561,4
562,4
563,6
564,8
565,4
566,8
567,6
568,6
569,8
570,6
571,6
572,6
573,8
574,8
575,6
576,6
577,4
578,8
579,4
580,8
581,4
582,4
583,6
584,6
585,4
586,4
587,8
588,4
589,6
590,8
591,4
592,4
593,4
594,6
595,4
596,8
597,4
598,8
599,8
600,6
601,4
602,8
603,8
604,4
605,4
606,6
607,8
608,4
609,8
610,6
611,8
612,6
613,4
614,6
615,8
616,8
617,8
618,4
619,6
620,8
621,8
622,4
623,6
624,8
625,8
626,4
627,4
628,6
629,8
630,6
631,8
632,4
633,4
634,6
635,4
636,6
637,4
638,6
639,4
640,6
641,6
642,4
643,8
644,6
645,4
646,8
647,8
648,6
649,6
650,4
651,4
652,6
653,6
654,4
655,4
656,6
657,8
658,8
659,6
660,6
661,8
662,4
663,4
664,6
665,4
666,4
667,4
668,6
669,8
670,8
671,4
672,6
673,4
674,6
675,4
676,4
677,8
678,4
679,6
680,4
681,4
682,4
683,4
684,6
685,8
686,6
687,4
688,6
689,8
690,6
691,6
692,4
693,4
694,6
695,4
696,4
697,4
698,4
699,6
700,6
701,4
702,8
703,4
704,8
705,6
706,4
707,4
708,6
709,8
710,6
711,6
712,6
713,6
714,4
715,6
716,4
717,4
718,6
719,8
720,6
721,6
722,6
723,6
724,6
725,4
726,6
727,6
728,6
729,8
730,6
731,6
732,8
733,6
734,6
735,4
736,4
737,4
738,8
739,4
740,6
741,6
742,6
743,6
744,4
745,8
746,8
747,6
748,6
749,6
750,4
751,6
752,6
753,6
754,4
755,6
756,4
757,4
758,8
759,8
760,4
761,4
762,6
763,8
764,6
765,6
766,4
767,4
768,4
769,6
770,6
771,6
772,8
773,6
774,8
775,6
776,6
777,6
778,4
779,4
780,8
781,6
782,8
783,6
784,4
785,6
786,8
787,6
788,6
789,6
790,6
791,6
792,6
793,8
794,8
795,6
796,6
797,4
798,8
799,8
800,6
801,6
802,6
803,6
804,6
805,6
806,6
807,8
808,8
809,8
810,6
811,6
812,6
813,8
814,8
815,8
816,8
817,6
818,4
819,8
820,6
821,4
822,4
823,6
824,6
825,6
826,8
827,8
828,4
829,4
830,4
831,4
832,6
833,6
834,8
835,6
836,4
837,8
838,8
839,8
840,4
841,6
842,5
843,8
844,8
845,6
846,4
847,4
848,6
849,8
850,4
851,6
852,4
853,4
854,8
855,8
856,4
857,6
858,6
859,4
860,10
861,4
862,4
863,6
864,8
865,4
866,8
867,6
868,6
869,8
870,8
871,4
872,4
873,6
874,6
875,6
876,4
877,8
878,8
879,8
880,8
881,6
882,4
883,8
884,6
885,8
886,6
887,8
888,8
889,8
890,8
891,4
892,6
893,4
894,8
895,4
896,3
897,6
898,4
899,8
900,4
901,6
902,6
903,4
904,8
905,8
906,8
907,6
908,6
909,6
910,8
911,8
912,8
913,8
914,4
915,4
916,8
917,6
918,8
919,4
920,8
921,8
922,6
923,8
924,6
925,4
926,8
927,6
928,4
929,4
930,4
931,8
932,6
933,6
934,4
935,6
936,8
937,6
938,4
939,8
940,6
941,4
942,6
943,6
944,6
945,8
946,4
947,4
948,8
949,4
950,6
951,8
952,6
953,6
954,4
955,4
956,6
957,6
958,4
959,6
960,6
961,4
962,6
963,6
964,8
965,8
966,8
967,6
968,8
969,6
970,8
971,4
972,6
973,6
974,8
975,6
976,6
977,6
978,4
979,8
980,8
981,4
982,6
983,4
984,8
985,6
986,6
987,6
988,4
989,8
990,6
991,8
992,6
993,4
994,6
995,6
996,8
997,8
998,6
999,4
1000,8
1001,6
1002,8
1003,6
1004,6
1005,8
1006,4
1007,6
1008,8
1009,8
1010,8
1011,6
1012,8
1013,6
1014,8
1015,6
1016,4
1017,4
1018,4
1019,4
1020,6
1021,8
1022,8
1023,8
1024,8
1025,8
1026,4
1027,6
1028,6
1029,8
1030,6
1031,8
1032,4
1033,8
1034,6
1035,4
1036,8
1037,6
1038,6
1039,6
1040,8
1041,12
1042,6
1043,4
1044,8
1045,6
1046,6
1047,8
1048,6
1049,6
1050,6
1051,8
1052,4
1053,4
1054,8
1055,8
1056,8
1057,6
1058,6
1059,8
1060,6
1061,6
1062,6
1063,6
1064,6
1065,8
1066,6
1067,8
1068,8
1069,6
1070,6
1071,4
1072,8
1073,6
1074,6
1075,6
1076,6
1077,6
1078,4
1079,6
1080,8
1081,8
1082,6
1083,8
1084,6
1085,6
1086,6
1087,4
1088,8
1089,8
1090,6
1091,6
1092,6
1093,6
1094,4
1095,4
1096,6
1097,4
1098,8
1099,6
1100,6
1101,6
1102,4
1103,4
1104,8
1105,6
1106,8
1107,6
1108,8
1109,6
1110,4
1111,8
1112,4
1113,8
1114,8
1115,8
1116,6
1117,8
1118,4
1119,6
1120,6
1121,8
1122,6
1123,4
1124,8
1125,8
1126,6
1127,4
1128,8
1129,6
1130,4
1131,8
1132,6
1133,6
1134,8
1135,6
1136,4
1137,4
1138,8
1139,4
1140,4
1141,8
1142,8
1143,6
1144,8
1145,6
1146,8
1147,4
1148,8
1149,4
1150,4
1151,6
1152,8
1153,4
1154,6
1155,8
1156,4
1157,6
1158,8
1159,6
1160,8
1161,4
1162,8
1163,6
1164,6
1165,6
1166,4
1167,4
1168,4
1169,6
1170,4
1171,4
1172,8
1173,4
1174,6
1175,6
1176,8
1177,8
1178,4
1179,6
1180,4
1181,8
1182,4
1183,8
1184,3
1185,8
1186,6
1187,6
1188,8
1189,3
1190,6
1191,4
1192,4
1193,8
1194,4
1195,4
1196,4
1197,4
1198,8
1199,6
1200,4
1201,8
1202,4
1203,4
1204,8
1205,8
1206,4
1207,6
1208,4
1209,6
1210,5
1211,6
1212,4
1213,6
1214,8
1215,6
1216,6
1217,8
1218,4
1219,8
1220,8
1221,6
1222,8
1223,6
1224,6
1225,6
1226,8
1227,8
1228,4
1229,4
1230,6
1231,4
1232,8
1233,4
1234,8
1235,8
1236,4
1237,4
1238,6
1239,6
1240,8
1241,8
1242,6
1243,6
1244,8
1245,6
1246,5
1247,4
1248,6
1249,8
1250,6
1251,6
1252,6
1253,6
1254,4
1255,6
1256,4
1257,4
1258,4
1259,6
1260,4
1261,8
1262,12
1263,4
1264,4
1265,8
1266,6
1267,8
1268,6
1269,4
1270,6
1271,4
1272,8
1273,6
1274,4
1275,6
1276,8
1277,6
1278,8
1279,8
1280,8
1281,4
1282,4
1283,6
1284,4
1285,8
1286,6
1287,4
1288,6
1289,8
1290,4
1291,4
1292,4
1293,8
1294,6
1295,8
1296,6
1297,8
1298,6
1299,8
1300,4
1301,6
1302,6
1303,4
1304,8
1305,4
1306,8
1307,8
1308,6
1309,8
1310,8
1311,4
1312,6
1313,8
1314,4
1315,6
1316,4
1317,4
1318,8
1319,6
1320,6
1321,6
1322,8
1323,8
1324,8
1325,6
1326,6
1327,6
1328,4
1329,4
1330,6
1331,8
1332,4
1333,6
1334,4
1335,8
1336,8
1337,8
1338,6
1339,4
1340,4
1341,8
1342,6
1343,4
1344,8
1345,6
1346,6
1347,6
1348,4
1349,4
1350,8
1351,6
1352,6
1353,6
1354,6
1355,8
1356,4
1357,4
1358,6
1359,4
1360,6
1361,6
1362,8
1363,8
1364,4
1365,8
1366,4
1367,6
1368,8
1369,8
1370,6
1371,4
1372,8
1373,6
1374,6
1375,4
1376,8
1377,6
1378,4
1379,6
1380,8
1381,4
1382,4
1383,6
1384,4
1385,8
1386,6
1387,8
1388,6
1389,6
1390,8
1391,6
1392,4
1393,4
1394,8
1395,8
1396,8
1397,8
1398,8
1399,8
1400,4
1401,4
1402,8
1403,8
1404,8
1405,6
1406,8
1407,8
1408,6
1409,8
1410,6
1411,8
1412,8
1413,8
1414,4
1415,6
1416,4
1417,4
1418,4
1419,8
1420,4
1421,8
1422,6
1423,8
1424,8
1425,4
1426,6
1427,6
1428,8
1429,8
1430,8
1431,6
1432,6
1433,6
1434,8
1435,6
1436,8
1437,4
1438,4
1439,8
1440,6
1441,4
1442,8
1443,6
1444,4
1445,6
1446,8
1447,4
1448,6
1449,4
1450,8
1451,4
1452,8
1453,8
1454,6
1455,8
1456,4
1457,4
1458,8
1459,8
1460,4
1461,8
1462,8
1463,6
1464,6
1465,8
1466,4
1467,8
1468,6
1469,8
1470,4
1471,8
1472,8
1473,8
1474,8
1475,4
1476,4
1477,8
1478,6
1479,4
1480,8
1481,8
1482,4
1483,8
1484,6
1485,8
1486,6
1487,8
1488,4
1489,4
1490,6
1491,8
1492,6
1493,8
1494,8
1495,4
1496,6
1497,4
1498,8
1499,8
1500,4
1501,4
1502,8
1503,8
1504,6
1505,4
1506,4
1507,8
1508,4
1509,6
1510,8
1511,6
1512,6
1513,4
1514,8
1515,8
1516,8
1517,6
1518,6
1519,6
1520,4
1521,6
1522,6
1523,4
1524,6
1525,6
1526,4
1527,8
1528,6
1529,4
1530,4
1531,8
1532,4
1533,8
1534,4
1535,12
1536,6
1537,6
1538,4
1539,6
1540,6
1541,6
1542,8
1543,3
1544,8
1545,8
1546,4
1547,6
1548,6
1549,6
1550,4
1551,4
1552,4
1553,6
1554,6
1555,6
1556,4
1557,4
1558,6
1559,8
1560,4
1561,4
1562,6
1563,4
1564,6
1565,6
1566,8
1567,8
1568,4
1569,6
1570,4
1571,8
1572,4
1573,6
1574,6
1575,6
1576,4
1577,6
1578,4
1579,8
1580,8
1581,4
1582,6
1583,6
1584,4
1585,6
1586,6
1587,8
1588,6
1589,4
1590,8
1591,8
1592,6
1593,6
1594,4
1595,4
1596,8
1597,4
1598,8
1599,6
1600,6
1601,4
1602,6
1603,4
1604,8
1605,6
1606,6
1607,4
1608,6
1609,4
1610,8
1611,8
1612,8
1613,8
1614,6
1615,8
1616,4
1617,6
1618,4
1619,6
1620,6
1621,8
1622,6
1623,6
1624,6
1625,4
1626,6
1627,4
1628,6
1629,8
1630,8
1631,8
1632,4
1633,4
1634,6
1635,6
1636,6
1637,4
1638,6
1639,4
1640,8
1641,4
1642,8
1643,4
1644,6
1645,8
1646,4
1647,6
1648,8
1649,8
1650,8
1651,6
1652,6
1653,4
1654,6
1655,6
1656,6
1657,4
1658,8
1659,8
1660,6
1661,6
1662,6
1663,8
1664,8
1665,4
1666,8
1667,6
1668,6
1669,8
1670,8
1671,6
1672,4
1673,6
1674,6
1675,6
1676,6
1677,8
1678,6
1679,6
1680,6
1681,8
1682,6
1683,4
1684,4
1685,4
1686,8
1687,4
1688,6
1689,4
1690,8
1691,8
1692,8
1693,8
1694,6
1695,8
1696,4
1697,4
1698,6
1699,8
1700,6
1701,4
1702,4
1703,8
1704,6
1705,4
1706,6
1707,8
1708,6
1709,8
1710,4
1711,4
1712,8
1713,8
1714,8
1715,6
1716,6
1717,8
1718,6
1719,8
1720,6
1721,3
1722,8
1723,8
1724,8
1725,6
1726,4
1727,6
1728,4
1729,8
1730,6
1731,8
1732,4
1733,4
1734,6
1735,4
1736,8
1737,6
1738,4
1739,8
1740,4
1741,6
1742,4
1743,6
1744,6
1745,8
1746,6
1747,4
1748,3
1749,8
1750,6
1751,8
1752,6
1753,6
1754,4
1755,8
1756,8
1757,6
1758,8
1759,6
1760,4
1761,8
1762,8
1763,6
1764,8
1765,4
1766,8
1767,6
1768,4
1769,8
1770,6
1771,6
1772,8
1773,4
1774,4
1775,6
1776,6
1777,4
1778,4
1779,4
1780,6
1781,4
1782,4
1783,6
1784,4
1785,6
1786,4
1787,6
1788,8
1789,8
1790,6
1791,8
1792,4
1793,6
1794,6
1795,8
1796,6
1797,8
1798,6
1799,8
1800,6
1801,4
1802,4
1803,8
1804,6
1805,6
1806,4
1807,4
1808,4
1809,8
1810,10
1811,4
1812,8
1813,6
1814,4
1815,6
1816,4
1817,4
1818,4
1819,6
1820,4
1821,4
1822,8
1823,4
1824,6
1825,6
1826,4
1827,4
1828,6
1829,6
1830,6
1831,6
1832,8
1833,6
1834,6
1835,8
1836,6
1837,4
1838,4
1839,8
1840,8
1841,6
1842,6
1843,6
1844,4
1845,8
1846,8
1847,4
1848,6
1849,6
1850,8
1851,8
1852,4
1853,6
1854,8
1855,4
1856,8
1857,6
1858,6
1859,6
1860,4
1861,6
1862,8
1863,4
1864,8
1865,4
1866,8
1867,4
1868,4
1869,4
1870,6
1871,6
1872,6
1873,4
1874,8
1875,4
1876,4
1877,4
1878,8
1879,8
1880,8
1881,6
1882,4
1883,6
1884,4
1885,8
1886,6
1887,6
1888,6
1889,6
1890,6
1891,6
1892,4
1893,6
1894,6
1895,8
1896,4
1897,6
1898,8
1899,6
1900,8
1901,8
1902,4
1903,6
1904,6
1905,4
1906,4
1907,4
1908,4
1909,4
1910,8
1911,6
1912,8
1913,6
1914,4
1915,6
1916,6
1917,6
1918,6
1919,6
1920,4
1921,6
1922,6
1923,4
1924,8
1925,4
1926,8
1927,6
1928,4
1929,4
1930,8
1931,4
1932,6
1933,4
1934,6
1935,8
1936,8
1937,8
1938,8
1939,6
1940,4
1941,6
1942,3
1943,6
1944,4
1945,4
1946,6
1947,4
1948,4
1949,6
1950,6
1951,6
1952,4
1953,8
1954,6
1955,8
1956,5
1957,8
1958,6
1959,8
1960,8
1961,8
1962,8
1963,8
1964,6
1965,6
1966,6
1967,8
1968,4
1969,6
1970,8
1971,4
1972,8
1973,6
1974,4
1975,6
1976,4
1977,6
1978,8
1979,6
1980,6
1981,8
1982,8
1983,8
1984,8
1985,4
1986,4
1987,6
1988,4
1989,8
1990,4
1991,8
1992,4
1993,4
1994,8
1995,4
1996,8
1997,4
1998,8
1999,6
2000,8
2001,8
2002,6
2003,8
2004,6
2005,6
2006,4
2007,8
2008,8
2009,6
2010,8
2011,8
2012,4
2013,6
2014,6
2015,8
2016,8
2017,8
2018,6
2019,8
2020,4
2021,8
2022,6
2023,8
2024,8
2025,4
2026,6
2027,4
2028,5
2029,6
2030,6
2031,8
2032,8
2033,4
2034,4
2035,4
2036,6
2037,8
2038,4
2039,4
2040,8
2041,4
2042,6
2043,8
2044,8
2045,4
2046,4
2047,8
2048,8
2049,8
2050,8
2051,4
2052,6
2053,4
2054,4
2055,8
2056,8
2057,8
2058,6
2059,4
2060,6
2061,8
2062,4
2063,8
2064,4
2065,6
2066,8
2067,6
2068,4
2069,6
2070,8
2071,4
2072,8
2073,4
2074,6
2075,4
2076,6
2077,8
2078,8
2079,4
2080,8
2081,8
2082,3
2083,6
2084,4
2085,4
2086,4
2087,8
2088,6
2089,6
2090,6
2091,6
2092,6
2093,8
2094,4
2095,6
2096,8
2097,4
2098,6
2099,4
2100,6
2101,6
2102,6
2103,4
2104,8
2105,4
2106,8
2107,4
2108,4
2109,8
2110,4
2111,4
2112,8
2113,4
2114,8
2115,4
2116,8
2117,4
2118,6
2119,4
2120,8
2121,6
2122,6
2123,4
2124,8
2125,4
2126,8
2127,3
2128,8
2129,6
2130,6
2131,6
2132,6
2133,4
2134,6
2135,8
2136,8
2137,8
2138,8
2139,4
2140,4
2141,6
2142,8
2143,6
2144,8
2145,6
2146,6
2147,6
2148,6
2149,8
2150,6
2151,4
2152,4
2153,6
2154,6
2155,8
2156,6
2157,6
2158,6
2159,4
2160,4
2161,5
2162,6
2163,4
2164,4
2165,6
2166,4
2167,8
2168,6
2169,6
2170,6
2171,6
2172,8
2173,4
2174,6
2175,4
2176,8
2177,4
2178,6
2179,6
2180,8
2181,4
2182,4
2183,6
2184,4
2185,8
2186,6
2187,6
2188,3
2189,8
2190,8
2191,6
2192,6
2193,6
2194,4
2195,4
2196,6
2197,8
2198,6
2199,8
2200,4
2201,8
2202,6
2203,4
2204,6
2205,8
2206,6
2207,6
2208,6
2209,6
2210,8
2211,6
2212,4
2213,4
2214,4
2215,6
2216,6
2217,8
2218,6
2219,6
2220,8
2221,6
2222,6
2223,4
2224,4
2225,4
2226,6
2227,4
2228,8
2229,8
2230,8
2231,4
2232,6
2233,4
2234,4
2235,6
2236,4
2237,6
2238,6
2239,6
2240,8
2241,4
2242,6
2243,6
2244,8
2245,8
2246,4
2247,6
2248,6
2249,4
2250,6
2251,4
2252,6
2253,8
2254,6
2255,8
2256,6
2257,6
2258,6
2259,4
2260,8
2261,6
2262,4
2263,4
2264,4
2265,6
2266,8
2267,4
2268,6
2269,8
2270,8
2271,4
2272,6
2273,6
2274,4
2275,6
2276,8
2277,4
2278,8
2279,8
2280,4
2281,4
2282,4
2283,8
2284,6
2285,8
2286,6
2287,4
2288,4
2289,6
2290,6
2291,6
2292,4
2293,4
2294,4
2295,6
2296,4
2297,4
2298,4
2299,8
2300,6
2301,4
2302,6
2303,8
2304,4
2305,4
2306,8
2307,8
2308,4
2309,6
2310,4
2311,6
2312,8
2313,4
2314,8
2315,6
2316,6
2317,6
2318,4
2319,8
2320,8
2321,6
2322,4
2323,8
2324,6
2325,8
2326,4
2327,6
2328,6
2329,6
2330,6
2331,4
2332,8
2333,4
2334,6
2335,8
2336,6
2337,6
2338,6
2339,4
2340,8
2341,6
2342,6
2343,6
2344,8
2345,4
2346,4
2347,4
2348,8
2349,8
2350,8
2351,4
2352,6
2353,8
2354,6
2355,6
2356,6
2357,3
2358,8
2359,4
2360,4
2361,6
2362,8
2363,6
2364,4
2365,8
2366,8
2367,8
2368,4
2369,4
2370,8
2371,8
2372,6
2373,4
2374,6
2375,4
2376,4
2377,8
2378,8
2379,6
2380,8
2381,6
2382,6
2383,4
2384,4
2385,6
2386,6
2387,4
2388,8
2389,6
2390,8
2391,6
2392,6
2393,4
2394,4
2395,6
2396,6
2397,4
2398,6
2399,4
2400,4
2401,8
2402,6
2403,6
2404,6
2405,6
2406,4
2407,6
2408,8
2409,6
2410,8
2411,8
2412,6
2413,8
2414,4
2415,4
2416,6
2417,8
2418,6
2419,4
2420,8
2421,4
2422,4
2423,8
2424,4
2425,8
2426,6
2427,8
2428,4
2429,4
2430,8
2431,4
2432,6
2433,6
2434,10
2435,4
2436,4
2437,6
2438,4
2439,4
2440,6
2441,8
2442,8
2443,4
2444,8
2445,8
2446,8
2447,4
2448,4
2449,4
2450,4
2451,4
2452,8
2453,6
2454,4
2455,6
2456,6
2457,8
2458,6
2459,8
2460,8
2461,6
2462,6
2463,4
2464,8
2465,8
2466,4
2467,4
2468,6
2469,12
2470,4
2471,8
2472,8
2473,4
2474,8
2475,8
2476,8
2477,6
2478,8
2479,6
2480,6
2481,6
2482,6
2483,8
2484,8
2485,6
2486,8
2487,8
2488,6
2489,8
2490,4
2491,6
2492,4
2493,6
2494,8
2495,4
2496,6
2497,4
2498,4
2499,6
2500,8
2501,4
2502,6
2503,8
2504,8
2505,6
2506,4
2507,6
2508,4
2509,6
2510,6
2511,4
2512,8
2513,8
2514,8
2515,4
2516,8
2517,8
2518,8
2519,6
2520,6
2521,6
2522,8
2523,6
2524,6
2525,6
2526,8
2527,6
2528,4
2529,4
2530,6
2531,4
2532,4
2533,8
2534,6
2535,8
2536,6
2537,4
2538,4
2539,8
2540,4
2541,6
2542,4
2543,6
2544,8
2545,6
2546,6
2547,6
2548,4
2549,6
2550,8
2551,8
2552,6
2553,6
2554,4
2555,8
2556,4
2557,8
2558,8
2559,8
2560,6
2561,4
2562,6
2563,6
2564,8
2565,6
2566,6
2567,8
2568,8
2569,6
2570,8
2571,8
2572,8
2573,6
2574,6
2575,6
2576,6
2577,6
2578,4
2579,4
2580,6
2581,8
2582,4
2583,4
2584,6
2585,8
2586,8
2587,6
2588,4
2589,4
2590,6
2591,6
2592,8
2593,6
2594,4
2595,4
2596,6
2597,8
2598,4
2599,8
2600,8
2601,8
2602,6
2603,6
2604,4
2605,8
2606,6
2607,6
2608,6
2609,4
2610,8
2611,8
2612,3
2613,4
2614,4
2615,8
2616,6
2617,6
2618,6
2619,8
2620,4
2621,6
2622,4
2623,6
2624,4
2625,6
2626,6
2627,6
2628,8
2629,4
2630,6
2631,6
2632,4
2633,6
2634,8
2635,4
2636,8
2637,8
2638,6
2639,6
2640,6
2641,6
2642,8
2643,4
2644,8
2645,6
2646,4
2647,6
2648,6
2649,8
2650,4
2651,8
2652,6
2653,8
2654,6
2655,4
2656,8
2657,8
2658,8
2659,8
2660,4
2661,8
2662,8
2663,6
2664,8
2665,8
2666,8
2667,8
2668,4
2669,6
2670,8
2671,4
2672,8
2673,8
2674,8
2675,4
2676,8
2677,4
2678,8
2679,4
2680,4
2681,6
2682,8
2683,6
2684,8
2685,8
2686,8
2687,6
2688,4
2689,6
2690,6
2691,8
2692,6
2693,6
2694,6
2695,8
2696,8
2697,6
2698,4
2699,6
2700,6
2701,6
2702,8
2703,6
2704,8
2705,6
2706,4
2707,4
2708,4
2709,4
2710,4
2711,8
2712,8
2713,6
2714,4
2715,6
2716,4
2717,4
2718,6
2719,8
2720,8
2721,6
2722,4
2723,8
2724,8
2725,4
2726,8
2727,8
2728,4
2729,8
2730,4
2731,6
2732,4
2733,8
2734,8
2735,5
2736,4
2737,6
2738,5
2739,6
2740,6
2741,8
2742,6
2743,4
2744,4
2745,4
2746,5
2747,6
2748,6
2749,8
2750,8
2751,8
2752,6
2753,4
2754,4
2755,6
2756,6
2757,8
2758,4
2759,4
2760,6
2761,8
2762,4
2763,6
2764,8
2765,6
2766,8
2767,8
2768,4
2769,6
2770,4
2771,8
2772,8
2773,8
2774,6
2775,4
2776,4
2777,8
2778,8
2779,4
2780,4
2781,4
2782,4
2783,6
2784,4
2785,4
2786,4
2787,4
2788,8
2789,8
2790,6
2791,4
2792,4
2793,4
2794,8
2795,8
2796,6
2797,4
2798,4
2799,4
2800,4
2801,4
2802,12
2803,4
2804,8
2805,6
2806,8
2807,6
2808,4
2809,6
2810,6
2811,6
2812,8
2813,4
2814,8
2815,6
2816,4
2817,6
2818,6
2819,8
2820,8
2821,8
2822,4
2823,4
2824,8
2825,6
2826,6
2827,6
2828,6
2829,8
2830,8
2831,4
2832,8
2833,8
2834,8
2835,6
2836,6
2837,4
2838,6
2839,4
2840,6
2841,8
2842,6
2843,8
2844,4
2845,4
2846,6
2847,4
2848,4
2849,5
2850,4
2851,6
2852,6
2853,4
2854,8
2855,8
2856,8
2857,4
2858,8
2859,4
2860,8
2861,6
2862,4
2863,6
2864,6
2865,4
2866,6
2867,4
2868,6
2869,6
2870,8
2871,8
2872,6
2873,4
2874,4
2875,8
2876,8
2877,4
2878,4
2879,6
2880,4
2881,4
2882,6
2883,4
2884,4
2885,6
2886,4
2887,8
2888,6
2889,6
2890,8
2891,8
2892,6
2893,6
2894,4
2895,6
2896,4
2897,4
2898,6
2899,6
2900,8
2901,4
2902,6
2903,6
2904,8
2905,4
2906,4
2907,8
2908,6
2909,6
2910,8
2911,4
2912,6
2913,10
2914,4
2915,6
2916,4
2917,4
2918,8
2919,6
2920,4
2921,6
2922,8
2923,4
2924,6
2925,6
2926,4
2927,4
2928,4
2929,8
2930,8
2931,4
2932,4
2933,8
2934,6
2935,8
2936,4
2937,6
2938,8
2939,6
2940,8
2941,6
2942,8
2943,6
2944,4
2945,8
2946,6
2947,4
2948,8
2949,6
2950,12
2951,4
2952,8
2953,6
2954,4
2955,4
2956,6
2957,6
2958,6
2959,8
2960,6
2961,6
2962,8
2963,8
2964,8
2965,4
2966,8
2967,4
2968,4
2969,8
2970,8
2971,6
2972,6
2973,6
2974,8
2975,8
2976,6
2977,6
2978,6
2979,6
2980,4
2981,8
2982,8
2983,4
2984,8
2985,8
2986,6
2987,8
2988,8
2989,6
2990,4
2991,8
2992,8
2993,4
2994,4
2995,8
2996,4
2997,8
2998,8
2999,8
3000,6
3001,6
3002,8
3003,8
3004,4
3005,6
3006,6
3007,4
3008,6
3009,8
3010,4
3011,6
3012,6
3013,6
3014,6
3015,4
3016,4
3017,4
3018,4
3019,8
3020,4
3021,6
3022,6
3023,6
3024,6
3025,4
3026,6
3027,6
3028,4
3029,8
3030,6
3031,4
3032,3
3033,6
3034,4
3035,6
3036,6
3037,6
3038,4
3039,8
3040,6
3041,6
3042,8
3043,4
3044,6
3045,8
3046,8
3047,8
3048,4
3049,8
3050,6
3051,8
3052,4
3053,3
3054,8
3055,6
3056,4
3057,4
3058,4
3059,6
3060,8
3061,8
3062,4
3063,4
3064,6
3065,6
3066,6
3067,6
3068,4
3069,6
3070,8
3071,4
3072,8
3073,4
3074,6
3075,4
3076,8
3077,6
3078,8
3079,6
3080,4
3081,8
3082,8
3083,8
3084,6
3085,4
3086,8
3087,6
3088,4
3089,8
3090,4
3091,8
3092,8
3093,8
3094,8
3095,8
3096,4
3097,4
3098,8
3099,6
3100,4
3101,6
3102,8
3103,4
3104,6
3105,6
3106,8
3107,6
3108,6
3109,4
3110,4
3111,4
3112,6
3113,8
3114,4
3115,6
3116,6
3117,6
3118,4
3119,5
3120,4
3121,4
3122,8
3123,8
3124,4
3125,8
3126,6
3127,6
3128,8
3129,4
3130,6
3131,8
3132,6
3133,6
3134,4
3135,8
3136,4
3137,6
3138,6
3139,6
3140,8
3141,6
3142,6
3143,8
3144,4
3145,8
3146,6
3147,4
3148,10
3149,6
3150,6
3151,8
3152,4
3153,6
3154,4
3155,8
3156,4
3157,6
3158,12
3159,8
3160,8
3161,4
3162,6
3163,8
3164,6
3165,4
3166,4
3167,6
3168,4
3169,4
3170,8
3171,8
3172,4
3173,6
3174,4
3175,6
3176,8
3177,4
3178,8
3179,6
3180,6
3181,8
3182,4
3183,6
3184,4
3185,6
3186,8
3187,8
3188,8
3189,4
3190,8
3191,6
3192,8
3193,8
3194,8
3195,8
3196,8
3197,8
3198,4
3199,8
3200,6
3201,8
3202,8
3203,6
3204,8
3205,8
3206,6
3207,6
3208,6
3209,4
3210,4
3211,6
3212,4
3213,6
3214,8
3215,6
3216,4
3217,6
3218,8
3219,6
3220,8
3221,8
3222,8
3223,6
3224,6
3225,8
3226,4
3227,8
3228,6
3229,6
3230,6
3231,8
3232,8
3233,6
3234,6
3235,6
3236,6
3237,6
3238,4
3239,6
3240,6
3241,4
3242,8
3243,6
3244,6
3245,6
3246,6
3247,6
3248,8
3249,6
3250,8
3251,6
3252,6
3253,6
3254,8
3255,6
3256,8
3257,6
3258,4
3259,4
3260,6
3261,8
3262,4
3263,8
3264,6
3265,8
3266,6
3267,8
3268,8
3269,5
3270,6
3271,4
3272,6
3273,6
3274,8
3275,6
3276,4
3277,4
3278,6
3279,6
3280,8
3281,8
3282,8
3283,8
3284,6
3285,4
3286,6
3287,4
3288,8
3289,6
3290,6
3291,6
3292,6
3293,6
3294,6
3295,8
3296,6
3297,6
3298,8
3299,6
3300,8
3301,4
3302,6
3303,8
3304,4
3305,4
3306,6
3307,6
3308,6
3309,6
3310,4
3311,6
3312,6
3313,4
3314,6
3315,4
3316,6
3317,4
3318,8
3319,4
3320,8
3321,8
3322,4
3323,8
3324,8
3325,8
3326,6
3327,4
3328,4
3329,4
3330,6
3331,6
3332,4
3333,4
3334,4
3335,5
3336,4
3337,6
3338,6
3339,6
3340,4
3341,4
3342,8
3343,6
3344,12
3345,4
3346,6
3347,4
3348,4
3349,6
3350,8
3351,4
3352,6
3353,6
3354,4
3355,8
3356,4
3357,8
3358,6
3359,4
3360,8
3361,4
3362,8
3363,8
3364,6
3365,8
3366,6
3367,6
3368,6
3369,6
3370,8
3371,4
3372,4
3373,3
3374,8
3375,6
3376,8
3377,4
3378,4
3379,6
3380,8
3381,4
3382,4
3383,8
3384,6
3385,4
3386,6
3387,8
3388,8
3389,6
3390,4
3391,4
3392,6
3393,4
3394,8
3395,4
3396,4
3397,8
3398,6
3399,8
3400,6
3401,4
3402,6
3403,4
3404,6
3405,8
3406,4
3407,6
3408,4
3409,8
3410,8
3411,4
3412,8
3413,8
3414,6
3415,8
3416,6
3417,6
3418,8
3419,8
3420,4
3421,4
3422,6
3423,6
3424,4
3425,6
3426,8
3427,8
3428,8
3429,6
3430,6
3431,8
3432,6
3433,6
3434,6
3435,8
3436,6
3437,8
3438,6
3439,6
3440,8
3441,8
3442,4
3443,8
3444,8
3445,4
3446,3
3447,6
3448,6
3449,4
3450,4
3451,6
3452,8
3453,4
3454,8
3455,4
3456,8
3457,4
3458,6
3459,8
3460,8
3461,4
3462,8
3463,6
3464,8
3465,4
3466,6
3467,8
3468,6
3469,8
3470,8
3471,8
3472,6
3473,6
3474,4
3475,6
3476,6
3477,8
3478,6
3479,4
3480,6
3481,6
3482,4
3483,6
3484,8
3485,4
3486,8
3487,6
3488,4
3489,4
3490,8
3491,6
3492,6
3493,4
3494,8
3495,6
3496,6
3497,6
3498,8
3499,6
3500,4
3501,8
3502,4
3503,4
3504,4
3505,4
3506,8
3507,6
3508,8
3509,8
3510,6
3511,8
3512,6
3513,8
3514,4
3515,4
3516,8
3517,8
3518,4
3519,6
3520,8
3521,4
3522,8
3523,6
3524,6
3525,6
3526,6
3527,6
3528,6
3529,4
3530,6
3531,4
3532,6
3533,8
3534,8
3535,8
3536,6
3537,6
3538,8
3539,6
3540,8
3541,8
3542,6
3543,6
3544,6
3545,4
3546,8
3547,6
3548,6
3549,6
3550,6
3551,8
3552,6
3553,6
3554,3
3555,8
3556,6
3557,6
3558,6
3559,6
3560,4
3561,4
3562,6
3563,4
3564,8
3565,8
3566,8
3567,5
3568,4
3569,4
3570,6
3571,6
3572,6
3573,8
3574,3
3575,8
3576,8
3577,4
3578,6
3579,8
3580,6
3581,8
3582,4
3583,8
3584,6
3585,8
3586,6
3587,8
3588,6
3589,6
3590,6
3591,8
3592,8
3593,4
3594,6
3595,8
3596,8
3597,6
3598,8
3599,8
3600,8
3601,6
3602,8
3603,6
3604,8
3605,4
3606,6
3607,8
3608,8
3609,4
3610,6
3611,4
3612,8
3613,8
3614,6
3615,8
3616,4
3617,8
3618,8
3619,8
3620,8
3621,6
3622,4
3623,6
3624,8
3625,6
3626,8
3627,4
3628,6
3629,8
3630,6
3631,6
3632,6
3633,6
3634,6
3635,6
3636,8
3637,8
3638,6
3639,6
3640,6
3641,4
3642,6
3643,4
3644,4
3645,6
3646,6
3647,4
3648,6
3649,6
3650,6
3651,6
3652,8
3653,8
3654,4
3655,6
3656,6
3657,6
3658,6
3659,5
3660,4
3661,4
3662,6
3663,8
3664,4
3665,8
3666,8
3667,6
3668,8
3669,4
3670,6
3671,8
3672,8
3673,12
3674,6
3675,6
3676,6
3677,8
3678,4
3679,6
3680,4
3681,6
3682,6
3683,6
3684,3
3685,8
3686,4
3687,4
3688,6
3689,6
3690,6
3691,6
3692,4
3693,6
3694,6
3695,8
3696,6
3697,4
3698,6
3699,8
3700,8
3701,8
3702,8
3703,6
3704,6
3705,4
3706,6
3707,8
3708,6
3709,6
3710,4
3711,4
3712,6
3713,8
3714,12
3715,6
3716,4
3717,6
3718,4
3719,6
3720,6
3721,8
3722,4
3723,4
3724,8
3725,4
3726,6
3727,6
3728,6
3729,4
3730,4
3731,6
3732,8
3733,4
3734,6
3735,6
3736,6
3737,8
3738,8
3739,8
3740,8
3741,8
3742,8
3743,6
3744,4
3745,4
3746,5
3747,8
3748,6
3749,8
3750,4
3751,6
3752,8
3753,8
3754,4
3755,4
3756,8
3757,8
3758,8
3759,8
3760,4
3761,6
3762,4
3763,8
3764,5
3765,6
3766,8
3767,6
3768,6
3769,4
3770,8
3771,8
3772,6
3773,8
3774,6
3775,6
3776,8
3777,6
3778,4
3779,4
3780,4
3781,4
3782,8
3783,4
3784,6
3785,4
3786,6
3787,6
3788,8
3789,8
3790,6
3791,6
3792,4
3793,8
3794,6
3795,6
3796,8
3797,6
3798,6
3799,8
3800,6
3801,6
3802,8
3803,4
3804,6
3805,5
3806,6
3807,8
3808,4
3809,4
3810,6
3811,8
3812,6
3813,4
3814,8
3815,8
3816,6
3817,6
3818,8
3819,4
3820,6
3821,8
3822,6
3823,4
3824,8
3825,8
3826,6
3827,4
3828,6
3829,6
3830,6
3831,4
3832,6
3833,6
3834,6
3835,4
3836,8
3837,8
3838,8
3839,8
3840,8
3841,8
3842,8
3843,6
3844,6
3845,8
3846,6
3847,8
3848,6
3849,8
3850,6
3851,6
3852,6
3853,6
3854,4
3855,8
3856,6
3857,6
3858,8
3859,8
3860,4
3861,8
3862,8
3863,6
3864,4
3865,4
3866,8
3867,5
3868,8
3869,6
3870,6
3871,4
3872,6
3873,6
3874,4
3875,4
3876,6
3877,6
3878,4
3879,8
3880,8
3881,4
3882,8
3883,8
3884,8
3885,8
3886,4
3887,6
3888,6
3889,8
3890,8
3891,6
3892,8
3893,4
3894,6
3895,8
3896,8
3897,8
3898,8
3899,4
3900,6
3901,6
3902,6
3903,6
3904,6
3905,4
3906,6
3907,4
3908,4
3909,6
3910,6
3911,3
3912,8
3913,4
3914,6
3915,6
3916,6
3917,8
3918,4
3919,4
3920,8
3921,4
3922,8
3923,8
3924,8
3925,4
3926,4
3927,6
3928,8
3929,6
3930,6
3931,8
3932,4
3933,6
3934,4
3935,4
3936,6
3937,4
3938,4
3939,4
3940,8
3941,8
3942,8
3943,8
3944,8
3945,6
3946,8
3947,4
3948,8
3949,8
3950,6
3951,8
3952,6
3953,6
3954,4
3955,6
3956,6
3957,4
3958,8
3959,6
3960,6
3961,6
3962,4
3963,6
3964,8
3965,6
3966,4
3967,8
3968,8
3969,6
3970,4
3971,6
3972,4
3973,6
3974,8
3975,6
3976,6
3977,4
3978,4
3979,6
3980,6
3981,4
3982,4
3983,6
3984,4
3985,8
3986,4
3987,8
3988,6
3989,8
3990,8
3991,6
3992,8
3993,6
3994,4
3995,6
3996,8
3997,4
3998,8
3999,8
4000,8
4001,8
4002,8
4003,4
4004,6
4005,8
4006,8
4007,8
4008,4
4009,8
4010,4
4011,6
4012,8
4013,8
4014,4
4015,4
4016,8
4017,6
4018,6
4019,4
4020,6
4021,4
4022,8
4023,6
4024,4
4025,4
4026,8
4027,8
4028,8
4029,6
4030,6
4031,8
4032,8
4033,8
4034,4
4035,8
4036,8
4037,8
4038,4
4039,4
4040,8
4041,6
4042,6
4043,6
4044,6
4045,6
4046,6
4047,8
4048,8
4049,5
4050,4
4051,6
4052,4
4053,8
4054,8
4055,6
4056,8
4057,8
4058,6
4059,6
4060,8
4061,8
4062,6
4063,6
4064,8
4065,6
4066,6
4067,8
4068,8
4069,6
4070,6
4071,8
4072,6
4073,4
4074,4
4075,8
4076,4
4077,4
4078,4
4079,4
4080,6
4081,8
4082,6
4083,6
4084,8
4085,8
4086,8
4087,6
4088,6
4089,4
4090,10
4091,6
4092,8
4093,6
4094,4
4095,8
4096,6
4097,4
4098,8
4099,4
4100,8
4101,4
4102,6
4103,4
4104,4
4105,4
4106,8
4107,4
4108,8
4109,8
4110,8
4111,6
4112,8
4113,6
4114,8
4115,6
4116,6
4117,4
4118,5
4119,6
4120,6
4121,4
4122,4
4123,6
4124,8
4125,6
4126,6
4127,6
4128,4
4129,8
4130,6
4131,4
4132,8
4133,6
4134,8
4135,8
4136,6
4137,6
4138,6
4139,8
4140,4
4141,8
4142,6
4143,8
4144,6
4145,4
4146,6
4147,8
4148,4
4149,6
4150,6
4151,8
4152,6
4153,6
4154,3
4155,8
4156,6
4157,6
4158,6
4159,8
4160,4
4161,6
4162,8
4163,4
4164,4
4165,6
4166,6
4167,8
4168,8
4169,8
4170,8
4171,8
4172,6
4173,6
4174,8
4175,4
4176,6
4177,4
4178,6
4179,4
4180,8
4181,4
4182,4
4183,8
4184,4
4185,4
4186,4
4187,6
4188,8
4189,8
4190,4
4191,4
4192,8
4193,6
4194,8
4195,6
4196,6
4197,8
4198,6
4199,6
4200,6
4201,6
4202,8
4203,6
4204,4
4205,6
4206,6
4207,4
4208,6
4209,4
4210,5
4211,6
4212,4
4213,6
4214,8
4215,4
4216,6
4217,4
4218,4
4219,6
4220,4
4221,8
4222,4
4223,4
4224,4
4225,4
4226,4
4227,6
4228,8
4229,4
4230,6
4231,6
4232,4
4233,4
4234,6
4235,6
4236,4
4237,3
4238,8
4239,4
4240,8
4241,8
4242,8
4243,4
4244,4
4245,5
4246,6
4247,6
4248,4
4249,6
4250,4
4251,6
4252,4
4253,6
4254,6
4255,8
4256,4
4257,6
4258,8
4259,4
4260,6
4261,6
4262,6
4263,6
4264,6
4265,6
4266,8
4267,6
4268,8
4269,6
4270,6
4271,4
4272,8
4273,8
4274,6
4275,8
4276,8
4277,6
4278,8
4279,6
4280,8
4281,4
4282,6
4283,8
4284,8
4285,6
4286,8
4287,6
4288,3
4289,6
4290,4
4291,8
4292,6
4293,6
4294,8
4295,8
4296,8
4297,4
4298,6
4299,8
4300,6
4301,6
4302,8
4303,8
4304,6
4305,6
4306,6
4307,4
4308,6
4309,4
4310,4
4311,8
4312,8
4313,8
4314,4
4315,4
4316,6
4317,4
4318,8
4319,4
4320,6
4321,4
4322,8
4323,6
4324,8
4325,4
4326,8
4327,6
4328,4
4329,8
4330,6
4331,8
4332,4
4333,4
4334,6
4335,8
4336,8
4337,8
4338,8
4339,4
4340,6
4341,6
4342,8
4343,6
4344,6
4345,6
4346,6
4347,8
4348,6
4349,4
4350,6
4351,6
4352,8
4353,6
4354,8
4355,6
4356,6
4357,8
4358,6
4359,6
4360,6
4361,4
4362,8
4363,4
4364,4
4365,6
4366,8
4367,4
4368,6
4369,6
4370,6
4371,6
4372,6
4373,4
4374,4
4375,6
4376,8
4377,8
4378,8
4379,8
4380,6
4381,6
4382,6
4383,6
4384,8
4385,6
4386,4
4387,8
4388,8
4389,4
4390,8
4391,6
4392,6
4393,8
4394,4
4395,6
4396,4
4397,8
4398,4
4399,6
4400,8
4401,6
4402,8
4403,8
4404,6
4405,8
4406,6
4407,6
4408,8
4409,4
4410,4
4411,6
4412,8
4413,4
4414,4
4415,8
4416,8
4417,6
4418,6
4419,5
4420,3
4421,8
4422,6
4423,6
4424,4
4425,8
4426,4
4427,4
4428,6
4429,4
4430,6
4431,8
4432,8
4433,4
4434,4
4435,4
4436,6
4437,4
4438,6
4439,4
4440,6
4441,8
4442,4
4443,4
4444,8
4445,6
4446,8
4447,8
4448,6
4449,6
4450,6
4451,6
4452,6
4453,8
4454,4
4455,6
4456,8
4457,6
4458,6
4459,8
4460,8
4461,4
4462,6
4463,8
4464,6
4465,4
4466,6
4467,6
4468,8
4469,6
4470,4
4471,8
4472,8
4473,6
4474,8
4475,4
4476,8
4477,8
4478,8
4479,4
4480,6
4481,6
4482,4
4483,4
4484,8
4485,4
4486,6
4487,6
4488,4
4489,8
4490,6
4491,6
4492,8
4493,4
4494,6
4495,4
4496,4
4497,4
4498,4
4499,4
4500,4
4501,8
4502,6
4503,6
4504,8
4505,8
4506,8
4507,6
4508,4
4509,6
4510,4
4511,8
4512,6
4513,8
4514,8
4515,12
4516,8
4517,4
4518,6
4519,6
4520,6
4521,6
4522,4
4523,4
4524,6
4525,8
4526,6
4527,6
4528,4
4529,4
4530,4
4531,8
4532,8
4533,6
4534,6
4535,4
4536,4
4537,6
4538,8
4539,6
4540,8
4541,8
4542,8
4543,6
4544,6
4545,5
4546,4
4547,8
4548,8
4549,6
4550,6
4551,8
4552,6
4553,6
4554,6
4555,4
4556,8
4557,4
4558,8
4559,8
4560,4
4561,6
4562,4
4563,6
4564,8
4565,6
4566,8
4567,8
4568,6
4569,4
4570,8
4571,8
4572,6
4573,6
4574,8
4575,4
4576,8
4577,6
4578,6
4579,6
4580,8
4581,8
4582,4
4583,4
4584,4
4585,6
4586,8
4587,6
4588,8
4589,6
4590,6
4591,4
4592,6
4593,4
4594,10
4595,8
4596,6
4597,4
4598,8
4599,4
4600,4
4601,6
4602,4
4603,6
4604,4
4605,5
4606,6
4607,4
4608,4
4609,4
4610,4
4611,6
4612,8
4613,8
4614,12
4615,4
4616,4
4617,6
4618,6
4619,4
4620,4
4621,8
4622,4
4623,6
4624,6
4625,4
4626,4
4627,6
4628,8
4629,10
4630,6
4631,8
4632,8
4633,6
4634,6
4635,6
4636,8
4637,6
4638,6
4639,6
4640,6
4641,4
4642,8
4643,4
4644,6
4645,8
4646,6
4647,6
4648,4
4649,6
4650,6
4651,4
4652,6
4653,6
4654,6
4655,4
4656,4
4657,8
4658,6
4659,6
4660,4
4661,8
4662,6
4663,6
4664,4
4665,6
4666,8
4667,8
4668,6
4669,4
4670,6
4671,8
4672,4
4673,8
4674,4
4675,6
4676,6
4677,6
4678,4
4679,4
4680,6
4681,6
4682,4
4683,6
4684,6
4685,6
4686,6
4687,4
4688,5
4689,8
4690,6
4691,6
4692,8
4693,4
4694,6
4695,4
4696,8
4697,6
4698,8
4699,4
4700,6
4701,8
4702,6
4703,6
4704,8
4705,6
4706,8
4707,8
4708,8
4709,4
4710,6
4711,6
4712,6
4713,6
4714,6
4715,8
4716,8
4717,4
4718,4
4719,4
4720,6
4721,6
4722,6
4723,6
4724,6
4725,4
4726,4
4727,8
4728,8
4729,8
4730,8
4731,8
4732,6
4733,6
4734,4
4735,4
4736,6
4737,6
4738,6
4739,8
4740,6
4741,8
4742,4
4743,6
4744,4
4745,4
4746,8
4747,8
4748,6
4749,8
4750,4
4751,4
4752,4
4753,4
4754,4
4755,4
4756,4
4757,4
4758,6
4759,6
4760,6
4761,8
4762,6
4763,8
4764,8
4765,8
4766,8
4767,8
4768,6
4769,8
4770,8
4771,4
4772,4
4773,4
4774,8
4775,6
4776,4
4777,6
4778,8
4779,6
4780,8
4781,4
4782,4
4783,8
4784,4
4785,6
4786,6
4787,6
4788,8
4789,8
4790,4
4791,6
4792,6
4793,4
4794,4
4795,6
4796,4
4797,6
4798,6
4799,6
4800,6
4801,4
4802,4
4803,8
4804,6
4805,8
4806,8
4807,6
4808,6
4809,4
4810,4
4811,8
4812,8
4813,8
4814,4
4815,6
4816,8
4817,6
4818,4
4819,4
4820,8
4821,4
4822,6
4823,6
4824,6
4825,4
4826,6
4827,6
4828,4
4829,6
4830,6
4831,8
4832,6
4833,6
4834,6
4835,4
4836,8
4837,8
4838,6
4839,6
4840,6
4841,8
4842,6
4843,6
4844,8
4845,6
4846,6
4847,6
4848,8
4849,6
4850,6
4851,8
4852,8
4853,6
4854,4
4855,4
4856,4
4857,6
4858,8
4859,8
4860,8
4861,6
4862,8
4863,6
4864,4
4865,6
4866,6
4867,8
4868,8
4869,8
4870,6
4871,6
4872,4
4873,6
4874,4
4875,4
4876,8
4877,4
4878,6
4879,4
4880,6
4881,4
4882,6
4883,8
4884,8
4885,8
4886,8
4887,4
4888,6
4889,4
4890,4
4891,6
4892,6
4893,6
4894,6
4895,8
4896,4
4897,8
4898,6
4899,8
4900,6
4901,6
4902,8
4903,6
4904,6
4905,6
4906,6
4907,4
4908,6
4909,5
4910,4
4911,6
4912,6
4913,4
4914,6
4915,8
4916,6
4917,6
4918,4
4919,8
4920,6
4921,4
4922,4
4923,4
4924,4
4925,6
4926,6
4927,4
4928,8
4929,6
4930,4
4931,6
4932,6
4933,6
4934,6
4935,6
4936,8
4937,6
4938,6
4939,6
4940,4
4941,8
4942,6
4943,8
4944,4
4945,6
4946,6
4947,8
4948,6
4949,6
4950,4
4951,8
4952,6
4953,8
4954,6
4955,8
4956,4
4957,4
4958,4
4959,4
4960,4
4961,6
4962,4
4963,4
4964,8
4965,4
4966,8
4967,3
4968,6
4969,4
4970,4
4971,4
4972,6
4973,8
4974,8
4975,6
4976,6
4977,4
4978,6
4979,8
4980,6
4981,6
4982,6
4983,6
4984,6
4985,8
4986,4
4987,6
4988,4
4989,8
4990,4
4991,6
4992,6
4993,6
4994,8
4995,4
4996,6
4997,8
4998,6
4999,6
5000,8
5001,4
5002,6
5003,4
5004,8
5005,4
5006,6
5007,4
5008,8
5009,4
5010,8
5011,8
5012,8
5013,8
5014,6
5015,4
5016,4
5017,8
5018,5
5019,8
5020,4
5021,8
5022,6
5023,4
5024,6
5025,8
5026,4
5027,4
5028,6
5029,10
5030,4
5031,6
5032,4
5033,6
5034,8
5035,8
5036,8
5037,4
5038,6
5039,4
5040,6
5041,8
5042,3
5043,4
5044,8
5045,8
5046,6
5047,4
5048,4
5049,6
5050,8
5051,4
5052,8
5053,6
5054,6
5055,8
5056,8
5057,6
5058,8
5059,6
5060,4
5061,6
5062,4
5063,6
5064,8
5065,6
5066,8
5067,4
5068,4
5069,8
5070,8
5071,6
5072,4
5073,4
5074,8
5075,4
5076,8
5077,8
5078,8
5079,6
5080,4
5081,4
5082,6
5083,4
5084,4
5085,6
5086,4
5087,4
5088,8
5089,6
5090,8
5091,8
5092,6
5093,4
5094,8
5095,6
5096,8
5097,6
5098,6
5099,8
5100,8
5101,8
5102,4
5103,6
5104,6
5105,6
5106,6
5107,4
5108,4
5109,6
5110,6
5111,4
5112,6
5113,8
5114,8
5115,8
5116,6
5117,4
5118,8
5119,8
5120,8
5121,4
5122,8
5123,4
5124,4
5125,8
5126,8
5127,4
5128,4
5129,6
5130,12
5131,6
5132,4
5133,4
5134,4
5135,4
5136,8
5137,6
5138,6
5139,6
5140,4
5141,8
5142,4
5143,6
5144,6
5145,4
5146,10
5147,4
5148,8
5149,4
5150,6
5151,8
5152,6
5153,6
5154,4
5155,8
5156,4
5157,8
5158,6
5159,4
5160,4
5161,6
5162,6
5163,6
5164,8
5165,8
5166,8
5167,8
5168,8
5169,8
5170,6
5171,3
5172,8
5173,4
5174,8
5175,8
5176,8
5177,8
5178,6
5179,8
5180,4
5181,4
5182,4
5183,8
5184,4
5185,8
5186,8
5187,8
5188,6
5189,8
5190,4
5191,8
5192,6
5193,8
5194,8
5195,8
5196,8
5197,8
5198,6
5199,8
5200,4
5201,3
5202,8
5203,6
5204,4
5205,4
5206,4
5207,6
5208,8
5209,4
5210,8
5211,6
5212,4
5213,8
5214,4
5215,4
5216,8
5217,4
5218,6
5219,6
5220,6
5221,4
5222,6
5223,8
5224,4
5225,6
5226,4
5227,4
5228,4
5229,8
5230,6
5231,6
5232,6
5233,6
5234,8
5235,8
5236,6
5237,6
5238,4
5239,8
5240,4
5241,4
5242,8
5243,6
5244,4
5245,4
5246,6
5247,4
5248,4
5249,6
5250,6
5251,8
5252,8
5253,8
5254,4
5255,8
5256,8
5257,6
5258,6
5259,6
5260,8
5261,6
5262,6
5263,8
5264,6
5265,8
5266,8
5267,6
5268,8
5269,4
5270,8
5271,8
5272,6
5273,6
5274,6
5275,6
5276,8
5277,4
5278,4
5279,8
5280,6
5281,6
5282,6
5283,8
5284,8
5285,6
5286,4
5287,8
5288,6
5289,4
5290,6
5291,4
5292,6
5293,6
5294,4
5295,10
5296,8
5297,8
5298,6
5299,8
5300,4
5301,8
5302,8
5303,8
5304,6
5305,6
5306,6
5307,4
5308,8
5309,8
5310,4
5311,6
5312,4
5313,8
5314,4
5315,8
5316,4
5317,4
5318,8
5319,6
5320,4
5321,8
5322,6
5323,6
5324,4
5325,4
5326,8
5327,8
5328,4
5329,6
5330,8
5331,8
5332,8
5333,8
5334,6
5335,8
5336,6
5337,6
5338,4
5339,4
5340,6
5341,6
5342,4
5343,4
5344,6
5345,6
5346,4
5347,4
5348,4
5349,4
5350,6
5351,6
5352,6
5353,6
5354,4
5355,4
5356,4
5357,4
5358,8
5359,4
5360,8
5361,4
5362,8
5363,8
5364,6
5365,8
5366,6
5367,4
5368,4
5369,6
5370,8
5371,6
5372,8
5373,6
5374,8
5375,6
5376,6
5377,8
5378,12
5379,4
5380,4
5381,8
5382,4
5383,6
5384,6
5385,4
5386,8
5387,8
5388,4
5389,4
5390,8
5391,6
5392,6
5393,6
5394,8
5395,8
5396,6
5397,8
5398,6
5399,8
5400,4
5401,4
5402,6
5403,8
5404,8
5405,8
5406,6
5407,8
5408,4
5409,4
5410,6
5411,6
5412,4
5413,8
5414,8
5415,4
5416,6
5417,8
5418,6
5419,6
5420,6
5421,8
5422,8
5423,6
5424,8
5425,4
5426,4
5427,4
5428,8
5429,8
5430,8
5431,4
5432,8
5433,8
5434,6
5435,6
5436,8
5437,8
5438,8
5439,6
5440,8
5441,8
5442,8
5443,8
5444,6
5445,4
5446,6
5447,6
5448,6
5449,6
5450,4
5451,4
5452,4
5453,4
5454,6
5455,4
5456,10
5457,4
5458,8
5459,6
5460,10
5461,4
5462,4
5463,6
5464,6
5465,6
5466,8
5467,8
5468,4
5469,8
5470,6
5471,6
5472,6
5473,8
5474,4
5475,4
5476,6
5477,4
5478,4
5479,6
5480,8
5481,4
5482,6
5483,6
5484,6
5485,8
5486,8
5487,6
5488,8
5489,4
5490,8
5491,10
5492,4
5493,4
5494,6
5495,8
5496,8
5497,4
5498,6
5499,6
5500,8
5501,8
5502,6
5503,6
5504,8
5505,4
5506,8
5507,8
5508,8
5509,8
5510,4
5511,6
5512,8
5513,6
5514,4
5515,6
5516,4
5517,6
5518,4
5519,6
5520,4
5521,4
5522,6
5523,6
5524,4
5525,4
5526,6
5527,6
5528,4
5529,6
5530,6
5531,4
5532,4
5533,4
5534,4
5535,8
5536,8
5537,4
5538,8
5539,4
5540,4
5541,8
5542,6
5543,6
5544,8
5545,4
5546,8
5547,4
5548,4
5549,6
5550,8
5551,6
5552,8
5553,6
5554,6
5555,6
5556,8
5557,6
5558,8
5559,8
5560,6
5561,4
5562,8
5563,6
5564,8
5565,6
5566,8
5567,6
5568,8
5569,12
5570,6
5571,6
5572,8
5573,8
5574,6
5575,8
5576,4
5577,8
5578,5
5579,4
5580,6
5581,6
5582,6
5583,8
5584,6
5585,6
5586,4
5587,6
5588,4
5589,6
5590,6
5591,8
5592,8
5593,8
5594,8
5595,8
5596,4
5597,8
5598,6
5599,8
5600,4
5601,8
5602,6
5603,4
5604,8
5605,6
5606,6
5607,8
5608,4
5609,4
5610,8
5611,8
5612,6
5613,8
5614,6
5615,6
5616,4
5617,8
5618,6
5619,8
5620,8
5621,8
5622,8
5623,6
5624,4
5625,4
5626,6
5627,6
5628,8
5629,6
5630,4
5631,6
5632,4
5633,6
5634,4
5635,4
5636,4
5637,6
5638,6
5639,8
5640,8
5641,6
5642,6
5643,8
5644,6
5645,8
5646,4
5647,4
5648,6
5649,8
5650,4
5651,4
5652,4
5653,8
5654,8
5655,8
5656,8
5657,8
5658,8
5659,6
5660,6
5661,5
5662,6
5663,8
5664,8
5665,4
5666,4
5667,6
5668,4
5669,4
5670,8
5671,4
5672,6
5673,6
5674,4
5675,8
5676,6
5677,6
5678,6
5679,4
5680,6
5681,4
5682,6
5683,4
5684,8
5685,4
5686,8
5687,6
5688,6
5689,8
5690,4
5691,6
5692,6
5693,6
5694,4
5695,6
5696,4
5697,8
5698,8
5699,8
5700,8
5701,6
5702,6
5703,6
5704,8
5705,6
5706,6
5707,8
5708,8
5709,8
5710,8
5711,8
5712,8
5713,6
5714,6
5715,8
5716,4
5717,8
5718,6
5719,6
5720,6
5721,8
5722,6
5723,4
5724,3
5725,8
5726,8
5727,4
5728,8
5729,6
5730,4
5731,8
5732,6
5733,4
5734,6
5735,6
5736,4
5737,8
5738,6
5739,6
5740,6
5741,6
5742,8
5743,8
5744,4
5745,8
5746,4
5747,8
5748,6
5749,8
5750,4
5751,6
5752,6
5753,4
5754,8
5755,8
5756,6
5757,6
5758,8
5759,8
5760,8
5761,8
5762,6
5763,8
5764,4
5765,6
5766,6
5767,8
5768,6
5769,6
5770,4
5771,4
5772,3
5773,6
5774,4
5775,6
5776,6
5777,8
5778,6
5779,4
5780,8
5781,6
5782,4
5783,6
5784,4
5785,4
5786,8
5787,6
5788,8
5789,8
5790,6
5791,8
5792,6
5793,4
5794,6
5795,6
5796,6
5797,8
5798,8
5799,6
5800,6
5801,4
5802,8
5803,4
5804,6
5805,4
5806,6
5807,6
5808,8
5809,6
5810,8
5811,4
5812,6
5813,8
5814,6
5815,4
5816,6
5817,6
5818,6
5819,3
5820,6
5821,4
5822,8
5823,4
5824,4
5825,4
5826,6
5827,6
5828,4
5829,8
5830,8
5831,4
5832,6
5833,4
5834,4
5835,6
5836,4
5837,4
5838,4
5839,6
5840,8
5841,6
5842,4
5843,6
5844,8
5845,6
5846,4
5847,4
5848,8
5849,6
5850,8
5851,8
5852,4
5853,6
5854,4
5855,8
5856,6
5857,4
5858,6
5859,4
5860,8
5861,8
5862,8
5863,6
5864,4
5865,6
5866,4
5867,4
5868,4
5869,4
5870,6
5871,4
5872,4
5873,6
5874,8
5875,8
5876,6
5877,8
5878,8
5879,8
5880,8
5881,8
5882,8
5883,4
5884,4
5885,8
5886,4
5887,6
5888,6
5889,6
5890,6
5891,8
5892,6
5893,4
5894,4
5895,8
5896,6
5897,4
5898,6
5899,8
5900,6
5901,8
5902,6
5903,6
5904,6
5905,6
5906,8
5907,8
5908,8
5909,4
5910,4
5911,6
5912,8
5913,4
5914,5
5915,8
5916,8
5917,8
5918,4
5919,8
5920,4
5921,6
5922,6
5923,6
5924,8
5925,8
5926,8
5927,4
5928,4
5929,4
5930,8
5931,6
5932,8
5933,6
5934,4
5935,6
5936,8
5937,8
5938,6
5939,4
5940,4
5941,6
5942,6
5943,8
5944,4
5945,6
5946,6
5947,6
5948,8
5949,8
5950,6
5951,6
5952,4
5953,4
5954,8
5955,4
5956,6
5957,6
5958,4
5959,4
5960,4
5961,8
5962,4
5963,4
5964,6
5965,4
5966,6
5967,4
5968,4
5969,6
5970,4
5971,8
5972,6
5973,8
5974,8
5975,8
5976,8
5977,4
5978,4
5979,8
5980,6
5981,8
5982,8
5983,8
5984,4
5985,6
5986,4
5987,8
5988,8
5989,6
5990,6
5991,6
5992,6
5993,4
5994,6
5995,8
5996,6
5997,8
5998,8
5999,4
6000,8
6001,8
6002,4
6003,4
6004,4
6005,6
6006,4
6007,8
6008,4
6009,6
6010,6
6011,6
6012,6
6013,6
6014,6
6015,6
6016,6
6017,4
6018,8
6019,6
6020,8
6021,6
6022,4
6023,4
6024,4
6025,6
6026,4
6027,8
6028,4
6029,8
6030,6
6031,6
6032,6
6033,6
6034,8
6035,4
6036,8
6037,8
6038,6
6039,8
6040,8
6041,4
6042,8
6043,4
6044,8
6045,4
6046,4
6047,4
6048,6
6049,8
6050,8
6051,6
6052,8
6053,6
6054,4
6055,6
6056,4
6057,8
6058,8
6059,8
6060,6
6061,4
6062,4
6063,4
6064,4
6065,8
6066,6
6067,4
6068,6
6069,6
6070,6
6071,8
6072,6
6073,6
6074,8
6075,8
6076,8
6077,6
6078,3
6079,6
6080,6
6081,8
6082,6
6083,8
6084,4
6085,6
6086,8
6087,4
6088,6
6089,4
6090,8
6091,4
6092,6
6093,6
6094,4
6095,8
6096,6
6097,4
6098,8
6099,6
6100,8
6101,6
6102,4
6103,8
6104,4
6105,6
6106,6
6107,6
6108,4
6109,8
6110,8
6111,8
6112,4
6113,6
6114,6
6115,8
6116,4
6117,8
6118,8
6119,8
6120,6
6121,6
6122,6
6123,4
6124,6
6125,8
6126,4
